{
  "properties": {
    "connectionReferences": {
      "shared_azureblob_1": {
        "runtimeSource": "invoker",
        "connection": {
          "connectionReferenceLogicalName": "aihack_sharedazureblob_7ece9"
        },
        "api": {
          "name": "shared_azureblob"
        }
      },
      "shared_cognitiveservicesspe_1": {
        "runtimeSource": "invoker",
        "connection": {
          "connectionReferenceLogicalName": "aihack_sharedcognitiveservicesspe_07973"
        },
        "api": {
          "name": "shared_cognitiveservicesspe"
        }
      }
    },
    "definition": {
      "$schema": "https://schema.management.azure.com/providers/Microsoft.Logic/schemas/2016-06-01/workflowdefinition.json#",
      "contentVersion": "1.0.0.0",
      "parameters": {
        "$connections": {
          "defaultValue": {},
          "type": "Object"
        },
        "$authentication": {
          "defaultValue": {},
          "type": "SecureObject"
        }
      },
      "triggers": {
        "manual": {
          "metadata": {
            "operationMetadataId": "0360a943-d9b0-4905-a215-0f770680c5ef"
          },
          "type": "Request",
          "kind": "PowerAppV2",
          "inputs": {
            "schema": {
              "type": "object",
              "properties": {
                "text": {
                  "title": "AudioFile",
                  "type": "string",
                  "x-ms-dynamically-added": true,
                  "description": "Please enter your input",
                  "x-ms-content-hint": "TEXT"
                },
                "text_1": {
                  "title": "SourceLanguage",
                  "type": "string",
                  "x-ms-dynamically-added": true,
                  "description": "Please enter your input",
                  "x-ms-content-hint": "TEXT"
                }
              },
              "required": [
                "text",
                "text_1"
              ]
            }
          }
        }
      },
      "actions": {
        "Initialize_variable_-_Now": {
          "runAfter": {},
          "metadata": {
            "operationMetadataId": "e4260b75-0008-4c47-ace3-24a980cbede7"
          },
          "type": "InitializeVariable",
          "inputs": {
            "variables": [
              {
                "name": "Now",
                "type": "string",
                "value": "@{utcNow()}"
              }
            ]
          }
        },
        "Parse_AudioFile": {
          "runAfter": {
            "Initialize_variable_-_Now": [
              "Succeeded"
            ]
          },
          "metadata": {
            "operationMetadataId": "9a15eea3-e9d4-4850-8e22-f6009468c055"
          },
          "type": "ParseJson",
          "inputs": {
            "content": "@triggerBody()['text']",
            "schema": {
              "type": "object",
              "properties": {
                "Value": {
                  "type": "string"
                }
              }
            }
          }
        },
        "HTTP_CallFFMpeg_AzureFunction_personal": {
          "runAfter": {
            "Parse_AudioFile": [
              "Succeeded"
            ]
          },
          "metadata": {
            "operationMetadataId": "08e8293c-d801-4ca3-b47c-d9895f402e08"
          },
          "type": "Http",
          "inputs": {
            "method": "POST",
            "uri": "https://s2tdemo.azurewebsites.net/api/CallFFMpeg",
            "body": "@body('Parse_AudioFile')?['Value']"
          }
        },
        "Create_audio_file_blob_(V2)": {
          "runAfter": {
            "HTTP_CallFFMpeg_AzureFunction_personal": [
              "Succeeded"
            ]
          },
          "metadata": {
            "operationMetadataId": "67b2a72f-f16d-41ce-9282-ffac55b467a2"
          },
          "type": "OpenApiConnection",
          "inputs": {
            "host": {
              "connectionName": "shared_azureblob_1",
              "operationId": "CreateFile_V2",
              "apiId": "/providers/Microsoft.PowerApps/apis/shared_azureblob"
            },
            "parameters": {
              "dataset": "AccountNameFromSettings",
              "folderPath": "/aihackathon",
              "name": "Demo Test - @{variables('Now')}",
              "body": "@body('HTTP_CallFFMpeg_AzureFunction_personal')"
            },
            "authentication": "@parameters('$authentication')"
          },
          "runtimeConfiguration": {
            "contentTransfer": {
              "transferMode": "Chunked"
            }
          }
        },
        "Create_SAS_URI_by_path_(V2)": {
          "runAfter": {
            "Create_audio_file_blob_(V2)": [
              "Succeeded"
            ]
          },
          "metadata": {
            "operationMetadataId": "351a8a05-6259-4170-b26a-35c666d3bbea"
          },
          "type": "OpenApiConnection",
          "inputs": {
            "host": {
              "connectionName": "shared_azureblob_1",
              "operationId": "CreateShareLinkByPath_V2",
              "apiId": "/providers/Microsoft.PowerApps/apis/shared_azureblob"
            },
            "parameters": {
              "storageAccountName": "AccountNameFromSettings",
              "path": "/aihackathon/Demo Test - @{variables('Now')}",
              "policy/Permissions": "Read"
            },
            "authentication": "@parameters('$authentication')"
          }
        },
        "Create_transcription_(V3.1)": {
          "runAfter": {
            "Select": [
              "Succeeded"
            ]
          },
          "metadata": {
            "operationMetadataId": "cc77e84e-0530-4a17-874b-1890adddc7fd"
          },
          "type": "OpenApiConnection",
          "inputs": {
            "host": {
              "connectionName": "shared_cognitiveservicesspe_1",
              "operationId": "CreateTranscriptions",
              "apiId": "/providers/Microsoft.PowerApps/apis/shared_cognitiveservicesspe"
            },
            "parameters": {
              "transcription/locale": "@triggerBody()['text_1']",
              "transcription/displayName": "Demo Test - @{variables('Now')}",
              "transcription/contentUrls": [
                "@outputs('Create_SAS_URI_by_path_(V2)')?['body/WebUrl']"
              ]
            },
            "authentication": "@parameters('$authentication')"
          }
        },
        "Parse_JSON_Response_from_Create_Transcription": {
          "runAfter": {
            "Create_transcription_(V3.1)": [
              "Succeeded"
            ]
          },
          "metadata": {
            "operationMetadataId": "528fc69c-5151-41fe-8e94-057b814a4697"
          },
          "type": "ParseJson",
          "inputs": {
            "content": "@body('Create_transcription_(V3.1)')",
            "schema": {
              "type": "object",
              "properties": {
                "self": {
                  "type": "string"
                },
                "model": {
                  "type": "object",
                  "properties": {
                    "self": {
                      "type": "string"
                    }
                  }
                },
                "links": {
                  "type": "object",
                  "properties": {
                    "files": {
                      "type": "string"
                    }
                  }
                },
                "properties": {
                  "type": "object",
                  "properties": {
                    "diarizationEnabled": {
                      "type": "boolean"
                    },
                    "wordLevelTimestampsEnabled": {
                      "type": "boolean"
                    },
                    "displayFormWordLevelTimestampsEnabled": {
                      "type": "boolean"
                    },
                    "channels": {
                      "type": "array",
                      "items": {
                        "type": "integer"
                      }
                    },
                    "punctuationMode": {
                      "type": "string"
                    },
                    "profanityFilterMode": {
                      "type": "string"
                    }
                  }
                },
                "lastActionDateTime": {
                  "type": "string"
                },
                "status": {
                  "type": "string"
                },
                "createdDateTime": {
                  "type": "string"
                },
                "locale": {
                  "type": "string"
                },
                "displayName": {
                  "type": "string"
                }
              }
            }
          }
        },
        "Initialize_variable_-_TranscriptionID": {
          "runAfter": {
            "Parse_JSON_Response_from_Create_Transcription": [
              "Succeeded"
            ]
          },
          "metadata": {
            "operationMetadataId": "229c2bcd-c179-4c03-a529-8e36c64baad2"
          },
          "type": "InitializeVariable",
          "inputs": {
            "variables": [
              {
                "name": "TranscriptionID",
                "type": "string",
                "value": "@{split(body('Parse_JSON_Response_from_Create_Transcription')?['self'], '/')[6]}"
              }
            ]
          }
        },
        "Initialize_variable_-_TranscriptionText": {
          "runAfter": {
            "Initialize_variable_-_TranscriptionStatus": [
              "Succeeded"
            ]
          },
          "metadata": {
            "operationMetadataId": "f55bd40e-30c0-48a8-9ba0-a0d6110d521e"
          },
          "type": "InitializeVariable",
          "inputs": {
            "variables": [
              {
                "name": "TranscriptionText",
                "type": "string"
              }
            ]
          }
        },
        "Initialize_variable_-_Content": {
          "runAfter": {
            "Initialize_variable_-_TranscriptionText": [
              "Succeeded"
            ]
          },
          "metadata": {
            "operationMetadataId": "ff4309d6-726f-4ada-ba71-fc66ba0770e7"
          },
          "type": "InitializeVariable",
          "inputs": {
            "variables": [
              {
                "name": "Content",
                "type": "string"
              }
            ]
          }
        },
        "Initialize_variable_-_FileID": {
          "runAfter": {
            "Initialize_variable_-_Content": [
              "Succeeded"
            ]
          },
          "metadata": {
            "operationMetadataId": "c6d99378-3b32-4517-9484-fe251c65f76b"
          },
          "type": "InitializeVariable",
          "inputs": {
            "variables": [
              {
                "name": "FileID",
                "type": "string"
              }
            ]
          }
        },
        "Poll_for_TranscriptionStatus_and_delay_if_not_completed": {
          "actions": {
            "Get_transcriptions_(V3.1)": {
              "runAfter": {},
              "metadata": {
                "operationMetadataId": "673a2ca0-23c8-4df0-a15a-4a3d8aa20b79"
              },
              "type": "OpenApiConnection",
              "inputs": {
                "host": {
                  "connectionName": "shared_cognitiveservicesspe_1",
                  "operationId": "GetTranscriptions",
                  "apiId": "/providers/Microsoft.PowerApps/apis/shared_cognitiveservicesspe"
                },
                "parameters": {
                  "id": "@variables('TranscriptionID')"
                },
                "authentication": "@parameters('$authentication')"
              }
            },
            "Parse_Get_Transcriptions_Result": {
              "runAfter": {
                "Get_transcriptions_(V3.1)": [
                  "Succeeded"
                ]
              },
              "metadata": {
                "operationMetadataId": "ba0a2655-991c-4ba1-961e-2f55062a7174"
              },
              "type": "ParseJson",
              "inputs": {
                "content": "@body('Get_transcriptions_(V3.1)')",
                "schema": {
                  "type": "object",
                  "properties": {
                    "self": {
                      "type": "string"
                    },
                    "model": {
                      "type": "object",
                      "properties": {
                        "self": {
                          "type": "string"
                        }
                      }
                    },
                    "links": {
                      "type": "object",
                      "properties": {
                        "files": {
                          "type": "string"
                        }
                      }
                    },
                    "properties": {
                      "type": "object",
                      "properties": {
                        "diarizationEnabled": {
                          "type": "boolean"
                        },
                        "wordLevelTimestampsEnabled": {
                          "type": "boolean"
                        },
                        "displayFormWordLevelTimestampsEnabled": {
                          "type": "boolean"
                        },
                        "channels": {
                          "type": "array",
                          "items": {
                            "type": "integer"
                          }
                        },
                        "punctuationMode": {
                          "type": "string"
                        },
                        "profanityFilterMode": {
                          "type": "string"
                        }
                      }
                    },
                    "lastActionDateTime": {
                      "type": "string"
                    },
                    "status": {
                      "type": "string"
                    },
                    "createdDateTime": {
                      "type": "string"
                    },
                    "locale": {
                      "type": "string"
                    },
                    "displayName": {
                      "type": "string"
                    }
                  }
                }
              }
            },
            "Update_TranscriptionStatus_variable": {
              "runAfter": {
                "Parse_Get_Transcriptions_Result": [
                  "Succeeded"
                ]
              },
              "metadata": {
                "operationMetadataId": "562d9631-23df-47bd-bab6-cca76fcb21df"
              },
              "type": "SetVariable",
              "inputs": {
                "name": "TranscriptionStatus",
                "value": "@body('Parse_Get_Transcriptions_Result')?['status']"
              }
            },
            "If_TranscriptionStatus_eq_Running_set_10s_delay": {
              "actions": {
                "Delay_10s": {
                  "runAfter": {},
                  "metadata": {
                    "operationMetadataId": "9d9061e6-3e2d-4ca7-a362-a8fab5b4085a"
                  },
                  "type": "Wait",
                  "inputs": {
                    "interval": {
                      "count": 10,
                      "unit": "Second"
                    }
                  }
                }
              },
              "runAfter": {
                "Update_TranscriptionStatus_variable": [
                  "Succeeded"
                ]
              },
              "expression": {
                "equals": [
                  "@variables('TranscriptionStatus')",
                  "Running"
                ]
              },
              "metadata": {
                "operationMetadataId": "5460d8a2-1f94-478a-9b3c-8a7386273f8a"
              },
              "type": "If"
            }
          },
          "runAfter": {
            "Initialize_variable_-_FileID": [
              "Succeeded"
            ]
          },
          "expression": "@not(equals(variables('TranscriptionStatus'), 'Running'))",
          "limit": {
            "count": 60,
            "timeout": "PT30M"
          },
          "metadata": {
            "operationMetadataId": "e931ab55-4b9a-48a0-a88a-70e2300cff0f"
          },
          "type": "Until"
        },
        "Initialize_variable_-_TranscriptionStatus": {
          "runAfter": {
            "Initialize_variable_-_TranscriptionID": [
              "Succeeded"
            ]
          },
          "metadata": {
            "operationMetadataId": "f0056aeb-2a90-421f-bdc2-a19120a5d89b"
          },
          "type": "InitializeVariable",
          "inputs": {
            "variables": [
              {
                "name": "TranscriptionStatus",
                "type": "string",
                "value": "@body('Parse_JSON_Response_from_Create_Transcription')?['status']"
              }
            ]
          }
        },
        "If_TranscriptionStatus_=_Succeeded": {
          "actions": {
            "Get_transcriptions_list_files_(V3.1)": {
              "runAfter": {},
              "metadata": {
                "operationMetadataId": "c501885b-68fa-4c91-9991-55c83d88e555"
              },
              "type": "OpenApiConnection",
              "inputs": {
                "host": {
                  "connectionName": "shared_cognitiveservicesspe_1",
                  "operationId": "TranscriptionsListFiles",
                  "apiId": "/providers/Microsoft.PowerApps/apis/shared_cognitiveservicesspe"
                },
                "parameters": {
                  "id": "@variables('TranscriptionID')"
                },
                "authentication": "@parameters('$authentication')"
              }
            },
            "Parse_JSON_Transcriptions_List_Files": {
              "runAfter": {
                "Get_transcriptions_list_files_(V3.1)": [
                  "Succeeded"
                ]
              },
              "metadata": {
                "operationMetadataId": "bb16dd4c-db66-4e6b-afa4-e517e955463c"
              },
              "type": "ParseJson",
              "inputs": {
                "content": "@body('Get_transcriptions_list_files_(V3.1)')",
                "schema": {
                  "type": "object",
                  "properties": {
                    "values": {
                      "type": "array",
                      "items": {
                        "type": "object",
                        "properties": {
                          "self": {
                            "type": "string"
                          },
                          "name": {
                            "type": "string"
                          },
                          "kind": {
                            "type": "string"
                          },
                          "properties": {
                            "type": "object",
                            "properties": {
                              "size": {
                                "type": "integer"
                              }
                            }
                          },
                          "createdDateTime": {
                            "type": "string"
                          },
                          "links": {
                            "type": "object",
                            "properties": {
                              "contentUrl": {
                                "type": "string"
                              }
                            }
                          }
                        },
                        "required": [
                          "self",
                          "name",
                          "kind",
                          "properties",
                          "createdDateTime",
                          "links"
                        ]
                      }
                    }
                  }
                }
              }
            },
            "Get_Transcription_FileID_and_ContentURL": {
              "foreach": "@body('Parse_JSON_Transcriptions_List_Files')?['values']",
              "actions": {
                "Condition": {
                  "actions": {
                    "Parse_JSON_Transcription_Kind": {
                      "runAfter": {},
                      "metadata": {
                        "operationMetadataId": "afd96b25-233a-426c-9404-b7f2a3b2f4f5"
                      },
                      "type": "ParseJson",
                      "inputs": {
                        "content": "@first(body('Parse_JSON_Transcriptions_List_Files')?['values'])",
                        "schema": {
                          "type": "object",
                          "properties": {
                            "self": {
                              "type": "string"
                            },
                            "name": {
                              "type": "string"
                            },
                            "kind": {
                              "type": "string"
                            },
                            "properties": {
                              "type": "object",
                              "properties": {
                                "size": {
                                  "type": "integer"
                                }
                              }
                            },
                            "createdDateTime": {
                              "type": "string"
                            },
                            "links": {
                              "type": "object",
                              "properties": {
                                "contentUrl": {
                                  "type": "string"
                                }
                              }
                            }
                          }
                        }
                      }
                    },
                    "Update_Content_variable": {
                      "runAfter": {
                        "Parse_JSON_Transcription_Kind": [
                          "Succeeded"
                        ]
                      },
                      "metadata": {
                        "operationMetadataId": "0f3e9da8-802e-41f9-a851-8b0052089d72"
                      },
                      "type": "SetVariable",
                      "inputs": {
                        "name": "Content",
                        "value": "@body('Parse_JSON_Transcription_Kind')?['links']?['contentUrl']"
                      }
                    },
                    "Set_variable_FileID": {
                      "runAfter": {
                        "Update_Content_variable": [
                          "Succeeded"
                        ]
                      },
                      "metadata": {
                        "operationMetadataId": "b005f555-16bf-4fcd-a870-693787511d99"
                      },
                      "type": "SetVariable",
                      "inputs": {
                        "name": "FileID",
                        "value": "@{split(body('Parse_JSON_Transcription_Kind')?['self'], '/')[8]}"
                      }
                    }
                  },
                  "runAfter": {},
                  "expression": {
                    "equals": [
                      "@items('Get_Transcription_FileID_and_ContentURL')?['kind']",
                      "Transcription"
                    ]
                  },
                  "metadata": {
                    "operationMetadataId": "d38a6715-10a5-4fe7-b199-ab4f622c9b96"
                  },
                  "type": "If"
                }
              },
              "runAfter": {
                "Parse_JSON_Transcriptions_List_Files": [
                  "Succeeded"
                ]
              },
              "metadata": {
                "operationMetadataId": "f54f0f76-e77d-4883-9fb2-b6ec99ef7e39"
              },
              "type": "Foreach"
            }
          },
          "runAfter": {
            "Poll_for_TranscriptionStatus_and_delay_if_not_completed": [
              "Succeeded"
            ]
          },
          "expression": {
            "equals": [
              "@variables('TranscriptionStatus')",
              "Succeeded"
            ]
          },
          "metadata": {
            "operationMetadataId": "f190e0bb-d3e7-4ec5-a329-2e2cbcb320e7"
          },
          "type": "If"
        },
        "Get_transcription_file_(V3.1)": {
          "runAfter": {
            "If_TranscriptionStatus_=_Succeeded": [
              "Succeeded"
            ]
          },
          "metadata": {
            "operationMetadataId": "1a789983-34ee-4d67-bcd4-93d6f4e71c67"
          },
          "type": "OpenApiConnection",
          "inputs": {
            "host": {
              "connectionName": "shared_cognitiveservicesspe_1",
              "operationId": "GetTranscriptionsFile",
              "apiId": "/providers/Microsoft.PowerApps/apis/shared_cognitiveservicesspe"
            },
            "parameters": {
              "id": "@variables('TranscriptionID')",
              "fileId": "@variables('FileID')"
            },
            "authentication": "@parameters('$authentication')"
          }
        },
        "HTTP_-_Get_TranscriptionFile_Content": {
          "runAfter": {
            "Get_transcription_file_(V3.1)": [
              "Succeeded"
            ]
          },
          "metadata": {
            "operationMetadataId": "5bdf9697-2947-4c53-9209-a0e74280f702"
          },
          "type": "Http",
          "inputs": {
            "method": "GET",
            "uri": "@outputs('Get_transcription_file_(V3.1)')?['body/links/contentUrl']"
          }
        },
        "Parse_JSON_ContentUrl": {
          "runAfter": {
            "HTTP_-_Get_TranscriptionFile_Content": [
              "Succeeded"
            ]
          },
          "metadata": {
            "operationMetadataId": "8cecc589-ac98-4b68-9821-66008b45aff7"
          },
          "type": "ParseJson",
          "inputs": {
            "content": "@body('HTTP_-_Get_TranscriptionFile_Content')",
            "schema": {
              "type": "object",
              "properties": {
                "source": {
                  "type": "string"
                },
                "timestamp": {
                  "type": "string"
                },
                "durationInTicks": {
                  "type": "integer"
                },
                "duration": {
                  "type": "string"
                },
                "combinedRecognizedPhrases": {
                  "type": "array",
                  "items": {
                    "type": "object",
                    "properties": {
                      "channel": {
                        "type": "integer"
                      },
                      "lexical": {
                        "type": "string"
                      },
                      "itn": {
                        "type": "string"
                      },
                      "maskedITN": {
                        "type": "string"
                      },
                      "display": {
                        "type": "string"
                      }
                    },
                    "required": [
                      "channel",
                      "lexical",
                      "itn",
                      "maskedITN",
                      "display"
                    ]
                  }
                },
                "recognizedPhrases": {
                  "type": "array",
                  "items": {
                    "type": "object",
                    "properties": {
                      "recognitionStatus": {
                        "type": "string"
                      },
                      "channel": {
                        "type": "integer"
                      },
                      "offset": {
                        "type": "string"
                      },
                      "duration": {
                        "type": "string"
                      },
                      "offsetInTicks": {
                        "type": "integer"
                      },
                      "durationInTicks": {
                        "type": "integer"
                      },
                      "nBest": {
                        "type": "array",
                        "items": {
                          "type": "object",
                          "properties": {
                            "confidence": {
                              "type": "number"
                            },
                            "lexical": {
                              "type": "string"
                            },
                            "itn": {
                              "type": "string"
                            },
                            "maskedITN": {
                              "type": "string"
                            },
                            "display": {
                              "type": "string"
                            }
                          },
                          "required": [
                            "confidence",
                            "lexical",
                            "itn",
                            "maskedITN",
                            "display"
                          ]
                        }
                      }
                    },
                    "required": [
                      "recognitionStatus",
                      "channel",
                      "offset",
                      "duration",
                      "offsetInTicks",
                      "durationInTicks",
                      "nBest"
                    ]
                  }
                }
              }
            }
          }
        },
        "Apply_to_each": {
          "foreach": "@body('Parse_JSON_ContentUrl')?['combinedRecognizedPhrases']",
          "actions": {
            "Set_variable": {
              "runAfter": {},
              "metadata": {
                "operationMetadataId": "9c25ffac-56f5-4620-b5e1-3397d3e16e24"
              },
              "type": "SetVariable",
              "inputs": {
                "name": "TranscriptionText",
                "value": "@items('Apply_to_each')?['display']"
              }
            }
          },
          "runAfter": {
            "Parse_JSON_ContentUrl": [
              "Succeeded"
            ]
          },
          "metadata": {
            "operationMetadataId": "c3bfb751-f8b1-4faf-ac18-2623e49fca36"
          },
          "type": "Foreach"
        },
        "Respond_to_a_PowerApp_or_flow": {
          "runAfter": {
            "Apply_to_each": [
              "Succeeded"
            ]
          },
          "metadata": {
            "operationMetadataId": "5512251e-454e-4795-9985-e9126a208000"
          },
          "type": "Response",
          "kind": "PowerApp",
          "inputs": {
            "statusCode": 200,
            "body": {
              "transcriptiontext": "@variables('TranscriptionText')"
            },
            "schema": {
              "type": "object",
              "properties": {
                "transcriptiontext": {
                  "title": "TranscriptionText",
                  "x-ms-dynamically-added": true,
                  "type": "string"
                }
              }
            }
          }
        },
        "Select": {
          "runAfter": {
            "Get_supported_locales_(V3.1)": [
              "Succeeded"
            ]
          },
          "metadata": {
            "operationMetadataId": "cb3917dd-b9c3-4e24-9289-b79416388b29"
          },
          "type": "Select",
          "inputs": {
            "from": "@body('Get_supported_locales_(V3.1)')",
            "select": {
              "Code": "@item()"
            }
          }
        },
        "Get_supported_locales_(V3.1)": {
          "runAfter": {
            "Create_SAS_URI_by_path_(V2)": [
              "Succeeded"
            ]
          },
          "metadata": {
            "operationMetadataId": "a95f4dba-7910-4898-8109-bc061f6f79a3"
          },
          "type": "OpenApiConnection",
          "inputs": {
            "host": {
              "connectionName": "shared_cognitiveservicesspe_1",
              "operationId": "SupportedTranscriptionLocalesList",
              "apiId": "/providers/Microsoft.PowerApps/apis/shared_cognitiveservicesspe"
            },
            "parameters": {},
            "authentication": "@parameters('$authentication')"
          }
        }
      }
    },
    "templateName": ""
  },
  "schemaVersion": "1.0.0.0"
}